banks,width_bits,local_rows,latency_ns,access_energy_pJ,area_mm2,bandwidth_B_s,error_probability,feasible
1,32,16384.0,5403.541120000001,2100.792,21.52123648,740255.3087261413,0.40900833764399475,False
1,64,8192.0,1360.68928,2101.4320000000002,21.527636479999998,5879373.136532683,0.33172278089603735,False
1,128,4096.0,345.99232,2102.712,21.54043648,46243801.01847347,0.21624749446597952,False
1,256,2048.0,90.49408000000001,2105.272,21.56603648,353614291.67521226,0.09470340236130009,False
2,32,8192.0,1360.6252800000002,1055.2160000000001,21.567636479999997,5879649.685768001,0.33172278089603735,False
2,64,4096.0,345.86432,1055.856,21.58043648,46260915.262956284,0.21624749446597952,False
2,128,2048.0,90.23808000000001,1057.136,21.60603648,354617474.13065517,0.09470340236130009,False
2,256,1024.0,25.53152,1059.696,21.657236479999998,2506705437.0440927,0.024061277247903377,False
4,32,4096.0,345.80032000000006,536.928,21.66043648,46269477.13640056,0.21624749446597952,False
4,64,2048.0,90.11008000000001,537.568,21.686036480000002,355121202.8665383,0.09470340236130009,False
4,128,1024.0,25.27552,538.848,21.73723648,2532094295.1915526,0.024061277247903377,False
4,256,512.0,8.778880000000001,541.408,21.83963648,14580447619.741922,0.004078482459634044,False
8,32,2048.0,90.04608,286.784,21.846036480000002,355373604.2701692,0.09470340236130009,False
8,64,1024.0,25.14752,287.424,21.89723648,2544982566.8694167,0.024061277247903377,False
8,128,512.0,8.52288,288.704,21.99963648,15018397536.982801,0.004078482459634044,False
8,256,256.0,4.334720000000001,291.264,22.204436480000002,59058024509.080154,0.0007244872253785311,True
16,32,1024.0,25.08352,179.712,22.21723648,2551476028.8827085,0.024061277247903377,False
16,64,512.0,8.39488,180.352,22.31963648,15247388884.6535,0.004078482459634044,False
16,128,256.0,4.078720000000001,181.632,22.524436480000002,62764788953.39713,0.0007244872253785311,True
16,256,128.0,3.09568,184.192,22.93403648,165391771759.35495,0.00019548943064558392,True
32,32,512.0,8.33088,162.176,22.95963648,15364523315.66413,0.004078482459634044,False
32,64,256.0,3.9507200000000005,162.816,23.164436480000003,64798315243.80364,0.0007244872253785311,True
32,128,128.0,2.8396800000000004,164.096,23.57403648,180302005859.81516,0.00019548943064558392,True
32,256,64.0,2.72192,166.656,24.393236480000002,376205031742.29956,8.516118106154205e-05,True
