E_V_per_m,D_up_C_per_m2,D_down_C_per_m2
-4.000000000000000000e+08,-2.568752596152799605e-01,-2.568610543778931943e-01
-3.980000000000000000e+08,-2.562908818900164754e-01,-2.562757087919209642e-01
-3.960000000000000000e+08,-2.557065040741557382e-01,-2.556902971748851172e-01
-3.940000000000000000e+08,-2.551221261615246316e-01,-2.551048150286199800e-01
-3.920000000000000000e+08,-2.545377481455295410e-01,-2.545192575486120434e-01
-3.900000000000000000e+08,-2.539533700191273224e-01,-2.539336196031467541e-01
-3.880000000000000000e+08,-2.533689917747952158e-01,-2.533478957110374408e-01
-3.860000000000000000e+08,-2.527846134044976489e-01,-2.527620800178402294e-01
-3.840000000000000000e+08,-2.522002348996517096e-01,-2.521761662704515294e-01
-3.820000000000000000e+08,-2.516158562510895091e-01,-2.515901477899796235e-01
-3.800000000000000000e+08,-2.510314774490185474e-01,-2.510040174427725090e-01
-3.780000000000000000e+08,-2.504470984829790803e-01,-2.504177676094769822e-01
-3.760000000000000000e+08,-2.498627193417987669e-01,-2.498313901519965685e-01
-3.740000000000000000e+08,-2.492783400135437644e-01,-2.492448763782046384e-01
-3.720000000000000000e+08,-2.486939604854673247e-01,-2.486582170042621609e-01
-3.700000000000000000e+08,-2.481095807439539780e-01,-2.480714021143770320e-01
-3.680000000000000000e+08,-2.475252007744607186e-01,-2.474844211178325037e-01
-3.660000000000000000e+08,-2.469408205614534446e-01,-2.468972627031000844e-01
-3.640000000000000000e+08,-2.463564400883397065e-01,-2.463099147888402340e-01
-3.620000000000000000e+08,-2.457720593373964313e-01,-2.457223644715799127e-01
-3.600000000000000000e+08,-2.451876782896929008e-01,-2.451345979698441035e-01
-3.580000000000000000e+08,-2.446032969250086508e-01,-2.445466005645012819e-01
-3.560000000000000000e+08,-2.440189152217452917e-01,-2.439583565350684213e-01
-3.540000000000000000e+08,-2.434345331568328330e-01,-2.433698490917030610e-01
-3.520000000000000000e+08,-2.428501507056292641e-01,-2.427810603025929437e-01
-3.500000000000000000e+08,-2.422657678418137228e-01,-2.421919710164339434e-01
-3.480000000000000000e+08,-2.416813845372717262e-01,-2.416025607796661590e-01
-3.460000000000000000e+08,-2.410970007619732125e-01,-2.410128077481172304e-01
-3.440000000000000000e+08,-2.405126164838419234e-01,-2.404226885926781798e-01
-3.420000000000000000e+08,-2.399282316686159877e-01,-2.398321783986126499e-01
-3.400000000000000000e+08,-2.393438462796990962e-01,-2.392412505580739090e-01
-3.380000000000000000e+08,-2.387594602780012676e-01,-2.386498766553769024e-01
-3.360000000000000000e+08,-2.381750736217690401e-01,-2.380580263445427058e-01
-3.340000000000000000e+08,-2.375906862664040331e-01,-2.374656672186008510e-01
-3.320000000000000000e+08,-2.370062981642689914e-01,-2.368727646701032641e-01
-3.300000000000000000e+08,-2.364219092644808118e-01,-2.362792817422664227e-01
-3.280000000000000000e+08,-2.358375195126893309e-01,-2.356851789701222000e-01
-3.260000000000000000e+08,-2.352531288508410978e-01,-2.350904142110181450e-01
-3.240000000000000000e+08,-2.346687372169270480e-01,-2.344949424637653435e-01
-3.220000000000000000e+08,-2.340843445447131077e-01,-2.338987156756878738e-01
-3.200000000000000000e+08,-2.334999507634519522e-01,-2.333016825367817682e-01
-3.180000000000000000e+08,-2.329155557975759461e-01,-2.327037882601402097e-01
-3.160000000000000000e+08,-2.323311595663683504e-01,-2.321049743477505145e-01
-3.140000000000000000e+08,-2.317467619836127146e-01,-2.315051783407130470e-01
-3.120000000000000000e+08,-2.311623629572180094e-01,-2.309043335528732921e-01
-3.100000000000000000e+08,-2.305779623888182805e-01,-2.303023687867980507e-01
-3.080000000000000000e+08,-2.299935601733454349e-01,-2.296992080309616102e-01
-3.060000000000000000e+08,-2.294091561985721062e-01,-2.290947701369399070e-01
-3.040000000000000000e+08,-2.288247503446242670e-01,-2.284889684753409755e-01
-3.020000000000000000e+08,-2.282403424834599792e-01,-2.278817105691242073e-01
-3.000000000000000000e+08,-2.276559324783129223e-01,-2.272728977028843911e-01
-2.980000000000000000e+08,-2.270715201830980357e-01,-2.266624245065958498e-01
-2.960000000000000000e+08,-2.264871054417763596e-01,-2.260501785122263074e-01
-2.940000000000000000e+08,-2.259026880876771060e-01,-2.254360396815450196e-01
-2.920000000000000000e+08,-2.253182679427730151e-01,-2.248198799033571116e-01
-2.900000000000000000e+08,-2.247338448169067526e-01,-2.242015624583043876e-01
-2.880000000000000000e+08,-2.241494185069642930e-01,-2.235809414492755942e-01
-2.860000000000000000e+08,-2.235649887959921533e-01,-2.229578611953721146e-01
-2.840000000000000000e+08,-2.229805554522545363e-01,-2.223321555872733446e-01
-2.820000000000000000e+08,-2.223961182282260252e-01,-2.217036474017459180e-01
-2.800000000000000000e+08,-2.218116768595159161e-01,-2.210721475729373053e-01
-2.780000000000000000e+08,-2.212272310637187489e-01,-2.204374544179920625e-01
-2.760000000000000000e+08,-2.206427805391874830e-01,-2.197993528144281394e-01
-2.740000000000000000e+08,-2.200583249637220185e-01,-2.191576133266099902e-01
-2.720000000000000000e+08,-2.194738639931689828e-01,-2.185119912785594698e-01
-2.700000000000000000e+08,-2.188893972599260940e-01,-2.178622257702535481e-01
-2.679999999999999702e+08,-2.183049243713444665e-01,-2.172080386344738545e-01
-2.660000000000000000e+08,-2.177204449080220594e-01,-2.165491333311949651e-01
-2.639999999999999702e+08,-2.171359584219809402e-01,-2.158851937764350304e-01
-2.620000000000000000e+08,-2.165514644347205642e-01,-2.152158831024404695e-01
-2.599999999999999702e+08,-2.159669624351379102e-01,-2.145408423460414271e-01
-2.580000000000000000e+08,-2.153824518773065910e-01,-2.138596890620039770e-01
-2.560000000000000000e+08,-2.147979321781040285e-01,-2.131720158582145475e-01
-2.540000000000000000e+08,-2.142134027146775921e-01,-2.124773888495768426e-01
-2.520000000000000000e+08,-2.136288628217375418e-01,-2.117753460275778044e-01
-2.500000000000000000e+08,-2.130443117886661186e-01,-2.110653955426002315e-01
-2.480000000000000000e+08,-2.124597488564291814e-01,-2.103470138962289793e-01
-2.460000000000000000e+08,-2.118751732142779565e-01,-2.096196440410240114e-01
-2.440000000000000000e+08,-2.112905839962258003e-01,-2.088826933855263968e-01
-2.420000000000000000e+08,-2.107059802772852375e-01,-2.081355317026337970e-01
-2.400000000000000000e+08,-2.101213610694481759e-01,-2.073774889399376820e-01
-2.380000000000000000e+08,-2.095367253173932021e-01,-2.066078529311742851e-01
-2.360000000000000000e+08,-2.089520718938994992e-01,-2.058258670086116626e-01
-2.340000000000000000e+08,-2.083673995949494040e-01,-2.050307275169981347e-01
-2.320000000000000298e+08,-2.077827071344965637e-01,-2.042215812306458489e-01
-2.299999999999999702e+08,-2.071979931388782670e-01,-2.033975226763363175e-01
-2.280000000000000298e+08,-2.066132561408474122e-01,-2.025575913660339067e-01
-2.259999999999999702e+08,-2.060284945731972184e-01,-2.017007689448975793e-01
-2.240000000000000298e+08,-2.054437067619532542e-01,-2.008259762618176958e-01
-2.219999999999999702e+08,-2.048588909191001173e-01,-1.999320703716895575e-01
-2.200000000000000298e+08,-2.042740451348145081e-01,-1.990178414809098961e-01
-2.179999999999999702e+08,-2.036891673691684224e-01,-1.980820098501501758e-01
-2.160000000000000000e+08,-2.031042554432680447e-01,-1.971232226713762192e-01
-2.139999999999999702e+08,-2.025193070297890141e-01,-1.961400509393474434e-01
-2.120000000000000000e+08,-2.019343196428676213e-01,-1.951309863414918411e-01
-2.099999999999999702e+08,-2.013492906273038896e-01,-1.940944381941213659e-01
-2.080000000000000000e+08,-2.007642171470297443e-01,-1.930287304574639373e-01
-2.060000000000000000e+08,-2.001790961727921148e-01,-1.919320988669530881e-01
-2.040000000000000000e+08,-1.995939244689980685e-01,-1.908026882236566191e-01
-2.020000000000000000e+08,-1.990086985796647445e-01,-1.896385498926426161e-01
-2.000000000000000000e+08,-1.984234148134131626e-01,-1.884376395644800084e-01
-1.980000000000000000e+08,-1.978380692274409602e-01,-1.871978153419350255e-01
-1.960000000000000000e+08,-1.972526576104051133e-01,-1.859168362212267334e-01
-1.940000000000000000e+08,-1.966671754641399483e-01,-1.845923610449054786e-01
-1.920000000000000000e+08,-1.960816179841320117e-01,-1.832219480114419818e-01
-1.900000000000000000e+08,-1.954959800386667224e-01,-1.818030548348790187e-01
-1.880000000000000000e+08,-1.949102561465574368e-01,-1.803330396562752291e-01
-1.860000000000000000e+08,-1.943244404533602254e-01,-1.788091628170062064e-01
-1.840000000000000000e+08,-1.937385267059715255e-01,-1.772285896120875115e-01
-1.819999999999999702e+08,-1.931525082254995918e-01,-1.755883941493067701e-01
-1.799999999999999702e+08,-1.925663778782924773e-01,-1.738855644468089989e-01
-1.779999999999999702e+08,-1.919801280449969505e-01,-1.721170089075318432e-01
-1.759999999999999702e+08,-1.913937505875165646e-01,-1.702795643131401748e-01
-1.739999999999999702e+08,-1.908072368137246344e-01,-1.683700054824094072e-01
-1.719999999999999702e+08,-1.902205774397821569e-01,-1.663850567388500679e-01
-1.699999999999999702e+08,-1.896337625498970003e-01,-1.643214053291927601e-01
-1.680000000000000298e+08,-1.890467815533524998e-01,-1.621757169275589439e-01
-1.660000000000000000e+08,-1.884596231386200804e-01,-1.599446533490937461e-01
-1.640000000000000000e+08,-1.878722752243602301e-01,-1.576248925808798051e-01
-1.620000000000000000e+08,-1.872847249070999087e-01,-1.552131512164298122e-01
-1.600000000000000000e+08,-1.866969584053640996e-01,-1.527062093523660624e-01
-1.580000000000000000e+08,-1.861089610000212780e-01,-1.501009379714758618e-01
-1.560000000000000000e+08,-1.855207169705884174e-01,-1.473943287947538094e-01
-1.540000000000000000e+08,-1.849322095272230571e-01,-1.445835265360225497e-01
-1.520000000000000000e+08,-1.843434207381129397e-01,-1.416658634361904201e-01
-1.500000000000000000e+08,-1.837543314519539395e-01,-1.386388958903654878e-01
-1.480000000000000000e+08,-1.831649212151861550e-01,-1.355004429104232633e-01
-1.460000000000000000e+08,-1.825751681836372264e-01,-1.322486260891384546e-01
-1.440000000000000000e+08,-1.819850490281981481e-01,-1.288819106509866974e-01
-1.420000000000000000e+08,-1.813945388341326459e-01,-1.253991470910208184e-01
-1.400000000000000000e+08,-1.808036109935939051e-01,-1.217996128191474459e-01
-1.380000000000000000e+08,-1.802122370908968985e-01,-1.180830531454750559e-01
-1.360000000000000000e+08,-1.796203867800626741e-01,-1.142497208664377817e-01
-1.339999999999999851e+08,-1.790280276541208471e-01,-1.103004136447691685e-01
-1.319999999999999851e+08,-1.784351251056232601e-01,-1.062365083230286666e-01
-1.299999999999999851e+08,-1.778416421777864187e-01,-1.020599912743210824e-01
-1.279999999999999851e+08,-1.772475394056421960e-01,-9.777348387907910943e-02
-1.259999999999999851e+08,-1.766527746465381132e-01,-9.338026222698170287e-02
-1.239999999999999702e+08,-1.760573028992853117e-01,-8.888427018139866131e-02
-1.219999999999999702e+08,-1.754610761112078421e-01,-8.429012501249888434e-02
-1.199999999999999702e+08,-1.748640429723017364e-01,-7.960311490557842040e-02
-1.180000000000000149e+08,-1.742661486956602057e-01,-7.482918778318535524e-02
-1.160000000000000149e+08,-1.736673347832705105e-01,-6.997493104166693789e-02
-1.140000000000000149e+08,-1.730675387762330431e-01,-6.504754199167106510e-02
-1.120000000000000149e+08,-1.724666939883932881e-01,-6.005478900307708451e-02
-1.100000000000000149e+08,-1.718647292223180745e-01,-5.500496358148136006e-02
-1.080000000000000000e+08,-1.712615684664815785e-01,-4.990682383802222399e-02
-1.060000000000000000e+08,-1.706571305724599030e-01,-4.476953004831038530e-02
-1.040000000000000000e+08,-1.700513289108609716e-01,-3.960257322023129356e-02
-1.020000000000000000e+08,-1.694440710046441756e-01,-3.441569779501299498e-02
-1.000000000000000000e+08,-1.688352581384043871e-01,-2.921881978224000545e-02
-9.800000000000000000e+07,-1.682247849421158459e-01,-2.402194176946701246e-02
-9.600000000000000000e+07,-1.676125389477463035e-01,-1.883506634424871387e-02
-9.400000000000000000e+07,-1.669984001170650156e-01,-1.366810951616961867e-02
-9.200000000000000000e+07,-1.663822403388771076e-01,-8.530815726457783438e-03
-8.999999999999998510e+07,-1.657639228938243559e-01,-3.432675982998650843e-03
-8.799999999999998510e+07,-1.651433018847955903e-01,1.617149438597073607e-03
-8.599999999999998510e+07,-1.645202216308921106e-01,6.609902427191054197e-03
-8.399999999999998510e+07,-1.638945160227933406e-01,1.153729147718693740e-02
-8.199999999999998510e+07,-1.632660078372659140e-01,1.639154821870534781e-02
-7.999999999999998510e+07,-1.626345080084573014e-01,2.116547534109852399e-02
-7.799999999999998510e+07,-1.619998148535120586e-01,2.585248544801896711e-02
-7.599999999999998510e+07,-1.613617132499481355e-01,3.044663061691874062e-02
-7.399999999999997020e+07,-1.607199737621299862e-01,3.494262266250179605e-02
-7.199999999999997020e+07,-1.600743517140794381e-01,3.933584431459920261e-02
-6.999999999999997020e+07,-1.594245862057735441e-01,4.362235170984117560e-02
-6.799999999999997020e+07,-1.587703990699938228e-01,4.779886875854873901e-02
-6.600000000000001490e+07,-1.581114937667149611e-01,5.186277408028916458e-02
-6.400000000000001490e+07,-1.574475542119550264e-01,5.581208130195774997e-02
-6.200000000000000745e+07,-1.567782435379604655e-01,5.964541358099504503e-02
-6.000000000000000745e+07,-1.561032027815614232e-01,6.336197325466742802e-02
-5.800000000000000745e+07,-1.554220494975239730e-01,6.696150752654078664e-02
-5.600000000000000745e+07,-1.547343762937345435e-01,7.044427108650669345e-02
-5.400000000000000000e+07,-1.540397492850968664e-01,7.381098652465846455e-02
-5.200000000000000000e+07,-1.533377064630978004e-01,7.706280334594325931e-02
-5.000000000000000000e+07,-1.526277559781202275e-01,8.020125632588549769e-02
-4.800000000000000000e+07,-1.519093743317489753e-01,8.322822387171038838e-02
-4.600000000000000000e+07,-1.511820044765440074e-01,8.614588697154253183e-02
-4.399999999999999255e+07,-1.504450538210463928e-01,8.895668923027380548e-02
-4.199999999999999255e+07,-1.496978921381537930e-01,9.166329840699587173e-02
-3.999999999999999255e+07,-1.489398493754576780e-01,9.426856978788608621e-02
-3.799999999999999255e+07,-1.481702133666942811e-01,9.677551165194980820e-02
-3.599999999999998510e+07,-1.473882274441316587e-01,9.918725301639981506e-02
-3.399999999999998510e+07,-1.465930879525181307e-01,1.015070137846137699e-01
-3.199999999999998510e+07,-1.457839416661658172e-01,1.037380773630789260e-01
-2.999999999999998137e+07,-1.449598831118563136e-01,1.058837657647127978e-01
-2.799999999999998137e+07,-1.441199518015538472e-01,1.079474171743700917e-01
-2.599999999999997765e+07,-1.432631293804175754e-01,1.099323659179294449e-01
-2.399999999999997765e+07,-1.423883366973376641e-01,1.118419247486602403e-01
-2.199999999999997392e+07,-1.414944308072095536e-01,1.136793693430518809e-01
-1.999999999999997392e+07,-1.405802019164298644e-01,1.154479248823290366e-01
-1.799999999999997020e+07,-1.396443702856701718e-01,1.171507545848268078e-01
-1.600000000000001490e+07,-1.386855831068962153e-01,1.187909500476074937e-01
-1.400000000000001304e+07,-1.377024113748674672e-01,1.203715232525261886e-01
-1.200000000000001118e+07,-1.366933467770118371e-01,1.218954000917952252e-01
-1.000000000000000931e+07,-1.356567986296413619e-01,1.233654152703990009e-01
-8.000000000000007451e+06,-1.345910908929839334e-01,1.247843084469619779e-01
-6.000000000000005588e+06,-1.334944593024730841e-01,1.261547214804254746e-01
-4.000000000000003725e+06,-1.323650486591766151e-01,1.274791966567467294e-01
-2.000000000000001863e+06,-1.312009103281625844e-01,1.287601757774550215e-01
0.000000000000000000e+00,-1.300000000000000044e-01,1.300000000000000044e-01
2.000000000000046100e+06,-1.287601757774549938e-01,1.312009103281626121e-01
4.000000000000003725e+06,-1.274791966567467294e-01,1.323650486591766151e-01
6.000000000000049360e+06,-1.261547214804254746e-01,1.334944593024731119e-01
8.000000000000007451e+06,-1.247843084469619779e-01,1.345910908929839334e-01
9.999999999999964610e+06,-1.233654152703990425e-01,1.356567986296413619e-01
1.200000000000001118e+07,-1.218954000917952252e-01,1.366933467770118371e-01
1.399999999999996834e+07,-1.203715232525262163e-01,1.377024113748674394e-01
1.600000000000001490e+07,-1.187909500476074937e-01,1.386855831068962153e-01
1.799999999999997020e+07,-1.171507545848268078e-01,1.396443702856701718e-01
2.000000000000001863e+07,-1.154479248823289950e-01,1.405802019164298922e-01
2.199999999999997392e+07,-1.136793693430518809e-01,1.414944308072095536e-01
2.400000000000002235e+07,-1.118419247486601847e-01,1.423883366973376918e-01
2.599999999999997765e+07,-1.099323659179294449e-01,1.432631293804175754e-01
2.800000000000002608e+07,-1.079474171743700500e-01,1.441199518015538750e-01
2.999999999999998137e+07,-1.058837657647127978e-01,1.449598831118563136e-01
3.200000000000002980e+07,-1.037380773630788566e-01,1.457839416661658449e-01
3.399999999999998510e+07,-1.015070137846137699e-01,1.465930879525181307e-01
3.600000000000002980e+07,-9.918725301639974568e-02,1.473882274441316587e-01
3.799999999999999255e+07,-9.677551165194980820e-02,1.481702133666942811e-01
4.000000000000003725e+07,-9.426856978788603070e-02,1.489398493754576780e-01
4.199999999999999255e+07,-9.166329840699587173e-02,1.496978921381537930e-01
4.400000000000003725e+07,-8.895668923027374997e-02,1.504450538210464206e-01
4.600000000000000000e+07,-8.614588697154253183e-02,1.511820044765440074e-01
4.800000000000004470e+07,-8.322822387171033287e-02,1.519093743317489753e-01
5.000000000000000000e+07,-8.020125632588549769e-02,1.526277559781202275e-01
5.200000000000004470e+07,-7.706280334594317605e-02,1.533377064630978281e-01
5.400000000000000000e+07,-7.381098652465846455e-02,1.540397492850968664e-01
5.600000000000005215e+07,-7.044427108650661018e-02,1.547343762937345713e-01
5.800000000000000745e+07,-6.696150752654078664e-02,1.554220494975239730e-01
6.000000000000005215e+07,-6.336197325466734476e-02,1.561032027815614509e-01
6.200000000000000745e+07,-5.964541358099504503e-02,1.567782435379604655e-01
6.399999999999997020e+07,-5.581208130195784017e-02,1.574475542119550264e-01
6.600000000000001490e+07,-5.186277408028916458e-02,1.581114937667149611e-01
6.799999999999997020e+07,-4.779886875854873901e-02,1.587703990699938228e-01
7.000000000000001490e+07,-4.362235170984107846e-02,1.594245862057735441e-01
7.199999999999997020e+07,-3.933584431459920261e-02,1.600743517140794381e-01
7.400000000000001490e+07,-3.494262266250169890e-02,1.607199737621300140e-01
7.599999999999998510e+07,-3.044663061691874062e-02,1.613617132499481355e-01
7.800000000000002980e+07,-2.585248544801887344e-02,1.619998148535120586e-01
7.999999999999998510e+07,-2.116547534109852399e-02,1.626345080084573014e-01
8.200000000000002980e+07,-1.639154821870525067e-02,1.632660078372659418e-01
8.399999999999998510e+07,-1.153729147718693740e-02,1.638945160227933406e-01
8.600000000000002980e+07,-6.609902427190946644e-03,1.645202216308921106e-01
8.799999999999998510e+07,-1.617149438597073607e-03,1.651433018847955903e-01
9.000000000000002980e+07,3.432675982998765335e-03,1.657639228938243836e-01
9.200000000000000000e+07,8.530815726457783438e-03,1.663822403388771076e-01
9.400000000000004470e+07,1.366810951616973663e-02,1.669984001170650434e-01
9.600000000000000000e+07,1.883506634424871387e-02,1.676125389477463035e-01
9.800000000000004470e+07,2.402194176946713042e-02,1.682247849421158459e-01
1.000000000000000000e+08,2.921881978224000545e-02,1.688352581384043871e-01
1.020000000000000447e+08,3.441569779501311294e-02,1.694440710046442033e-01
1.040000000000000000e+08,3.960257322023129356e-02,1.700513289108609716e-01
1.060000000000000447e+08,4.476953004831050326e-02,1.706571305724599030e-01
1.080000000000000000e+08,4.990682383802222399e-02,1.712615684664815785e-01
1.100000000000000596e+08,5.500496358148146414e-02,1.718647292223180745e-01
1.120000000000000149e+08,6.005478900307708451e-02,1.724666939883932881e-01
1.139999999999999702e+08,6.504754199167095408e-02,1.730675387762330431e-01
1.160000000000000149e+08,6.997493104166693789e-02,1.736673347832705105e-01
1.179999999999999702e+08,7.482918778318525810e-02,1.742661486956601780e-01
1.200000000000000149e+08,7.960311490557853142e-02,1.748640429723017642e-01
1.219999999999999702e+08,8.429012501249888434e-02,1.754610761112078421e-01
1.240000000000000149e+08,8.888427018139874458e-02,1.760573028992853395e-01
1.259999999999999851e+08,9.338026222698170287e-02,1.766527746465381132e-01
1.280000000000000298e+08,9.777348387907922045e-02,1.772475394056421960e-01
1.299999999999999851e+08,1.020599912743210824e-01,1.778416421777864187e-01
1.320000000000000298e+08,1.062365083230287499e-01,1.784351251056232879e-01
1.339999999999999851e+08,1.103004136447691685e-01,1.790280276541208471e-01
1.360000000000000298e+08,1.142497208664378511e-01,1.796203867800627019e-01
1.380000000000000000e+08,1.180830531454750559e-01,1.802122370908968985e-01
1.400000000000000298e+08,1.217996128191475014e-01,1.808036109935939051e-01
1.420000000000000000e+08,1.253991470910208184e-01,1.813945388341326459e-01
1.440000000000000298e+08,1.288819106509867529e-01,1.819850490281981759e-01
1.460000000000000000e+08,1.322486260891384546e-01,1.825751681836372264e-01
1.480000000000000298e+08,1.355004429104233188e-01,1.831649212151861550e-01
1.500000000000000000e+08,1.386388958903654878e-01,1.837543314519539395e-01
1.520000000000000596e+08,1.416658634361905034e-01,1.843434207381129397e-01
1.540000000000000000e+08,1.445835265360225497e-01,1.849322095272230571e-01
1.560000000000000596e+08,1.473943287947538927e-01,1.855207169705884174e-01
1.580000000000000000e+08,1.501009379714758618e-01,1.861089610000212780e-01
1.600000000000000596e+08,1.527062093523661734e-01,1.866969584053640996e-01
1.620000000000000000e+08,1.552131512164298122e-01,1.872847249070999087e-01
1.639999999999999702e+08,1.576248925808797496e-01,1.878722752243602301e-01
1.660000000000000000e+08,1.599446533490937461e-01,1.884596231386200804e-01
1.679999999999999702e+08,1.621757169275588606e-01,1.890467815533524720e-01
1.700000000000000298e+08,1.643214053291928156e-01,1.896337625498970281e-01
1.719999999999999702e+08,1.663850567388500679e-01,1.902205774397821569e-01
1.740000000000000298e+08,1.683700054824094627e-01,1.908072368137246622e-01
1.759999999999999702e+08,1.702795643131401748e-01,1.913937505875165646e-01
1.780000000000000298e+08,1.721170089075318987e-01,1.919801280449969505e-01
1.799999999999999702e+08,1.738855644468089989e-01,1.925663778782924773e-01
1.820000000000000298e+08,1.755883941493068257e-01,1.931525082254996195e-01
1.840000000000000000e+08,1.772285896120875115e-01,1.937385267059715255e-01
1.860000000000000298e+08,1.788091628170062064e-01,1.943244404533602254e-01
1.880000000000000000e+08,1.803330396562752291e-01,1.949102561465574368e-01
1.900000000000000298e+08,1.818030548348790465e-01,1.954959800386667224e-01
1.920000000000000000e+08,1.832219480114419818e-01,1.960816179841320117e-01
1.940000000000000298e+08,1.845923610449055063e-01,1.966671754641399761e-01
1.960000000000000000e+08,1.859168362212267334e-01,1.972526576104051133e-01
1.980000000000000298e+08,1.871978153419350255e-01,1.978380692274409602e-01
2.000000000000000000e+08,1.884376395644800084e-01,1.984234148134131626e-01
2.020000000000000596e+08,1.896385498926426161e-01,1.990086985796647723e-01
2.040000000000000000e+08,1.908026882236566191e-01,1.995939244689980685e-01
2.060000000000000596e+08,1.919320988669531158e-01,2.001790961727921148e-01
2.080000000000000000e+08,1.930287304574639373e-01,2.007642171470297443e-01
2.100000000000000596e+08,1.940944381941213936e-01,2.013492906273039174e-01
2.120000000000000000e+08,1.951309863414918411e-01,2.019343196428676213e-01
2.140000000000000596e+08,1.961400509393474989e-01,2.025193070297890419e-01
2.160000000000000000e+08,1.971232226713762192e-01,2.031042554432680447e-01
2.179999999999999702e+08,1.980820098501501758e-01,2.036891673691684224e-01
2.200000000000000298e+08,1.990178414809098961e-01,2.042740451348145081e-01
2.219999999999999702e+08,1.999320703716895575e-01,2.048588909191001173e-01
2.240000000000000298e+08,2.008259762618176958e-01,2.054437067619532542e-01
2.259999999999999702e+08,2.017007689448975793e-01,2.060284945731972184e-01
2.280000000000000298e+08,2.025575913660339067e-01,2.066132561408474122e-01
2.299999999999999702e+08,2.033975226763363175e-01,2.071979931388782670e-01
2.320000000000000298e+08,2.042215812306458489e-01,2.077827071344965637e-01
2.340000000000000000e+08,2.050307275169981347e-01,2.083673995949494040e-01
2.360000000000000298e+08,2.058258670086116626e-01,2.089520718938995270e-01
2.380000000000000000e+08,2.066078529311742851e-01,2.095367253173932021e-01
2.400000000000000298e+08,2.073774889399376820e-01,2.101213610694481759e-01
2.420000000000000000e+08,2.081355317026337970e-01,2.107059802772852375e-01
2.440000000000000298e+08,2.088826933855263968e-01,2.112905839962258003e-01
2.460000000000000000e+08,2.096196440410240114e-01,2.118751732142779565e-01
2.480000000000000298e+08,2.103470138962289793e-01,2.124597488564291814e-01
2.500000000000000000e+08,2.110653955426002315e-01,2.130443117886661186e-01
2.520000000000000596e+08,2.117753460275778321e-01,2.136288628217375696e-01
2.540000000000000000e+08,2.124773888495768426e-01,2.142134027146775921e-01
2.560000000000000596e+08,2.131720158582146030e-01,2.147979321781040563e-01
2.580000000000000000e+08,2.138596890620039770e-01,2.153824518773065910e-01
2.600000000000000596e+08,2.145408423460414549e-01,2.159669624351379102e-01
2.620000000000000000e+08,2.152158831024404695e-01,2.165514644347205642e-01
2.640000000000000596e+08,2.158851937764350581e-01,2.171359584219809680e-01
2.660000000000000000e+08,2.165491333311949651e-01,2.177204449080220594e-01
2.679999999999999702e+08,2.172080386344738545e-01,2.183049243713444665e-01
2.700000000000000000e+08,2.178622257702535481e-01,2.188893972599260940e-01
2.720000000000000000e+08,2.185119912785594698e-01,2.194738639931689828e-01
2.740000000000000000e+08,2.191576133266099902e-01,2.200583249637220185e-01
2.760000000000000000e+08,2.197993528144281394e-01,2.206427805391874830e-01
2.780000000000000000e+08,2.204374544179920625e-01,2.212272310637187489e-01
2.800000000000000000e+08,2.210721475729373053e-01,2.218116768595159161e-01
2.820000000000000000e+08,2.217036474017459180e-01,2.223961182282260252e-01
2.840000000000000000e+08,2.223321555872733446e-01,2.229805554522545363e-01
2.860000000000000596e+08,2.229578611953721423e-01,2.235649887959921811e-01
2.880000000000000000e+08,2.235809414492755942e-01,2.241494185069642930e-01
2.900000000000000596e+08,2.242015624583044153e-01,2.247338448169067804e-01
2.920000000000000000e+08,2.248198799033571116e-01,2.253182679427730151e-01
2.940000000000000596e+08,2.254360396815450474e-01,2.259026880876771060e-01
2.960000000000000000e+08,2.260501785122263074e-01,2.264871054417763596e-01
2.980000000000000596e+08,2.266624245065958498e-01,2.270715201830980634e-01
3.000000000000000000e+08,2.272728977028843911e-01,2.276559324783129223e-01
3.020000000000000596e+08,2.278817105691242073e-01,2.282403424834599792e-01
3.040000000000000000e+08,2.284889684753409755e-01,2.288247503446242670e-01
3.060000000000000596e+08,2.290947701369399070e-01,2.294091561985721062e-01
3.080000000000000000e+08,2.296992080309616102e-01,2.299935601733454349e-01
3.100000000000000596e+08,2.303023687867980784e-01,2.305779623888183083e-01
3.120000000000000000e+08,2.309043335528732921e-01,2.311623629572180094e-01
3.140000000000000596e+08,2.315051783407130748e-01,2.317467619836127424e-01
3.160000000000000000e+08,2.321049743477505145e-01,2.323311595663683504e-01
3.180000000000000000e+08,2.327037882601402097e-01,2.329155557975759461e-01
3.200000000000000000e+08,2.333016825367817682e-01,2.334999507634519522e-01
3.220000000000000000e+08,2.338987156756878738e-01,2.340843445447131077e-01
3.240000000000000000e+08,2.344949424637653435e-01,2.346687372169270480e-01
3.260000000000000000e+08,2.350904142110181450e-01,2.352531288508410978e-01
3.280000000000000000e+08,2.356851789701222000e-01,2.358375195126893309e-01
3.300000000000000000e+08,2.362792817422664227e-01,2.364219092644808118e-01
3.320000000000000000e+08,2.368727646701032641e-01,2.370062981642689914e-01
3.340000000000000000e+08,2.374656672186008510e-01,2.375906862664040331e-01
3.360000000000000596e+08,2.380580263445427058e-01,2.381750736217690401e-01
3.380000000000000000e+08,2.386498766553769024e-01,2.387594602780012676e-01
3.400000000000000596e+08,2.392412505580739368e-01,2.393438462796991240e-01
3.420000000000000000e+08,2.398321783986126499e-01,2.399282316686159877e-01
3.440000000000000596e+08,2.404226885926781798e-01,2.405126164838419234e-01
3.460000000000000000e+08,2.410128077481172304e-01,2.410970007619732125e-01
3.480000000000000596e+08,2.416025607796661867e-01,2.416813845372717262e-01
3.500000000000000000e+08,2.421919710164339434e-01,2.422657678418137228e-01
3.520000000000000596e+08,2.427810603025929437e-01,2.428501507056292918e-01
3.540000000000000000e+08,2.433698490917030610e-01,2.434345331568328330e-01
3.560000000000000596e+08,2.439583565350684213e-01,2.440189152217452917e-01
3.580000000000000000e+08,2.445466005645012819e-01,2.446032969250086508e-01
3.600000000000000596e+08,2.451345979698441035e-01,2.451876782896929563e-01
3.620000000000000000e+08,2.457223644715799127e-01,2.457720593373964313e-01
3.640000000000000596e+08,2.463099147888402618e-01,2.463564400883397343e-01
3.660000000000000000e+08,2.468972627031000844e-01,2.469408205614534446e-01
3.680000000000000000e+08,2.474844211178325037e-01,2.475252007744607186e-01
3.700000000000000000e+08,2.480714021143770320e-01,2.481095807439539780e-01
3.720000000000000000e+08,2.486582170042621609e-01,2.486939604854673247e-01
3.740000000000000000e+08,2.492448763782046384e-01,2.492783400135437644e-01
3.760000000000000000e+08,2.498313901519965685e-01,2.498627193417987669e-01
3.780000000000000000e+08,2.504177676094769822e-01,2.504470984829790803e-01
3.800000000000000000e+08,2.510040174427725090e-01,2.510314774490185474e-01
3.820000000000000000e+08,2.515901477899796235e-01,2.516158562510895091e-01
3.840000000000000000e+08,2.521761662704515294e-01,2.522002348996517096e-01
3.860000000000000596e+08,2.527620800178402849e-01,2.527846134044976489e-01
3.880000000000000000e+08,2.533478957110374408e-01,2.533689917747952158e-01
3.900000000000000596e+08,2.539336196031467541e-01,2.539533700191273224e-01
3.920000000000000000e+08,2.545192575486120434e-01,2.545377481455295410e-01
3.940000000000000596e+08,2.551048150286199800e-01,2.551221261615246316e-01
3.960000000000000000e+08,2.556902971748851172e-01,2.557065040741557382e-01
3.980000000000000596e+08,2.562757087919209642e-01,2.562908818900164754e-01
4.000000000000000000e+08,2.568610543778931943e-01,2.568752596152799605e-01
