batch,context,kv_bytes,capacity_bytes,latency_s,tokens_s,dynamic_J_per_token,feasible
1,128,2097152,26485760,0.0002462144,4061.500870785787,0.000162444271616,True
1,512,8388608,32777216,0.0003248576,3078.2718335664613,0.00020779308646399998,True
1,1024,16777216,41165824,0.0004297152,2327.122708249557,0.000268258172928,True
1,2048,33554432,57943040,0.0006394304000000001,1563.891863758745,0.00038918834585600004,True
2,128,4194304,28582912,0.0002724288,7341.367726172856,0.000120780271616,True
2,512,16777216,41165824,0.0004297152,4654.245416499114,0.000166129086464,True
2,1024,33554432,57943040,0.0006394304000000001,3127.78372751749,0.000226594172928,True
2,2048,67108864,91497472,0.0010588608,1888.8224023403263,0.00034752434585599997,False
4,128,8388608,32777216,0.0003248576,12313.087334265845,9.9948271616e-05,True
4,512,33554432,57943040,0.0006394304000000001,6255.56745503498,0.00014529708646399998,True
4,1024,67108864,91497472,0.0010588608,3777.6448046806527,0.000205762172928,False
4,2048,134217728,158606336,0.0018977216,2107.7907317912172,0.000326692345856,False
8,128,16777216,41165824,0.0004297152,18616.981665996456,8.953227161599999e-05,True
8,512,67108864,91497472,0.0010588608,7555.289609361305,0.000134881086464,False
8,1024,134217728,158606336,0.0018977216,4215.5814635824345,0.000195346172928,False
8,2048,268435456,292824064,0.0035754432000000003,2237.48485222755,0.00031627634585599997,False
16,128,33554432,57943040,0.0006394304000000001,25022.26982013992,8.4324271616e-05,True
16,512,134217728,158606336,0.0018977216,8431.162927164869,0.00012967308646399999,False
16,1024,268435456,292824064,0.0035754432000000003,4474.9697044551,0.000190138172928,False
16,2048,536870912,561259520,0.0069308864,2308.5070330975273,0.000311068345856,False
